rank,source,target,weight
1,1331793335,1401977752,6568.0
2,1453068824,1496157748,4457.0
3,1366632532,1372598498,4306.0
4,1238179593,1318498635,4175.0
5,1318498635,1358214409,4099.0
6,1306474713,1335494070,4035.0
7,1143430195,1214686838,4012.0
8,1238179593,1358214409,3996.0
9,1446015393,1474879162,3987.0
10,1268722841,1358214409,3784.0
11,1307416876,1345300181,3594.0
12,1168920372,1275496039,3464.0
13,1280005976,1441099496,3433.0
14,1346859778,1455723818,3404.0
15,1308555684,1411555593,3257.0
16,1394418056,1472280801,3236.0
17,1322836822,1467303187,3195.0
18,1335494070,1486505944,3177.0
19,1318498635,1335494070,3146.0
20,1239967378,1322836822,3139.0
21,1222020224,1449467014,3132.0
22,1160980171,1358214409,3131.0
23,1318498635,1486505944,2987.0
24,1165190667,1455723818,2958.0
25,1202059340,1379460623,2934.0
26,1329190414,1421152883,2913.0
27,1308555684,1335494070,2902.0
28,1165190667,1449467014,2873.0
29,1247799377,1498225294,2856.0
30,1168920372,1310336110,2816.0
31,1275496039,1310336110,2816.0
32,1239967378,1467303187,2796.0
33,1160980171,1356689113,2772.0
34,1365370869,1408807671,2772.0
35,1306474713,1308555684,2753.0
36,1109341850,1126233201,2747.0
37,1165190667,1446015393,2745.0
38,1238179593,1268722841,2707.0
39,1160980171,1238179593,2694.0
40,1335494070,1411555593,2676.0
41,1306474713,1318498635,2660.0
42,1247799377,1356689113,2652.0
43,1446015393,1449467014,2648.0
44,1165190667,1346859778,2646.0
45,1400739409,1408807671,2568.0
46,1408807671,1474879162,2547.0
47,1160980171,1411555593,2537.0
48,1160980171,1318498635,2535.0
49,1308562174,1327391389,2504.0
50,1184074956,1269644877,2503.0
51,1408807671,1446015393,2488.0
52,1327487630,1398930775,2460.0
53,1306474713,1486505944,2446.0
54,1306474713,1411555593,2431.0
55,1238179593,1299409493,2431.0
56,1394418056,1397736360,2430.0
57,1199301455,1398930775,2427.0
58,1187433883,1291607687,2395.0
59,1204272053,1219541257,2375.0
60,1345215442,1427840273,2352.0
61,1444727359,1474752835,2338.0
62,1217558273,1474752835,2328.0
63,1175993960,1389513949,2318.0
64,1423064351,1455723818,2307.0
65,1126233201,1156572824,2306.0
66,1283305713,1400739409,2291.0
67,1168920372,1315706903,2288.0
68,1299409493,1408293935,2270.0
69,1233806061,1303911676,2241.0
70,1260703582,1310336110,2221.0
71,1160980171,1247799377,2193.0
72,1363266574,1496157748,2187.0
73,1198273471,1361831997,2181.0
74,1275496039,1439843996,2174.0
75,1202942359,1293960609,2149.0
76,1318498635,1411555593,2146.0
77,1017264508,1218008414,2140.0
78,1276716437,1318146772,2130.0
79,1299409493,1358214409,2130.0
80,1358214409,1498225294,2107.0
81,1160980171,1299409493,2102.0
82,1363266574,1453068824,2098.0
83,1159768893,1351129033,2090.0
84,1178808159,1235765787,2088.0
85,1260703582,1275496039,2083.0
86,1245511919,1474752835,2079.0
87,1262697160,1491284875,2077.0
88,1109341850,1156572824,2076.0
89,1202942359,1438450410,2069.0
90,1275496039,1315706903,2068.0
91,1356689113,1498225294,2068.0
92,1238179593,1427225152,2044.0
93,1318321886,1398930775,2043.0
94,1452153893,1456057692,2041.0
95,1358214409,1411555593,2041.0
96,1202059340,1398930775,2030.0
97,1132192146,1361084049,2018.0
98,1177133774,1423064351,2017.0
99,1168920372,1439843996,2014.0
100,1160980171,1298838711,2012.0
101,1408807671,1455723818,2002.0
102,1269644877,1308555684,1995.0
103,1129079888,1309310876,1995.0
104,1318321886,1327487630,1975.0
105,1176908416,1327391389,1973.0
106,1222020224,1455723818,1966.0
107,1438450410,1456251369,1965.0
108,1238179593,1298694152,1965.0
109,1020895303,1074600617,1957.0
110,1238958753,1307588702,1957.0
111,1268722841,1318498635,1956.0
112,1283305713,1408807671,1953.0
113,1177133774,1468429258,1949.0
114,1280744318,1421152883,1946.0
115,1217558273,1444727359,1938.0
116,1210696977,1217558273,1933.0
117,1210696977,1474752835,1930.0
118,1235765787,1421152883,1927.0
119,1184074956,1308555684,1920.0
120,1165190667,1207340583,1916.0
121,1308555684,1397978547,1915.0
122,1449467014,1455723818,1913.0
123,1165190667,1222020224,1912.0
124,1136101857,1182659535,1906.0
125,1238179593,1299214950,1905.0
126,1178808159,1386099466,1903.0
127,1308555684,1358214409,1902.0
128,1269644877,1411555593,1898.0
129,1408807671,1423064351,1897.0
130,1245511919,1444727359,1895.0
131,1386099466,1425088336,1888.0
132,1358214409,1427225152,1884.0
133,1474752835,1498471211,1877.0
134,1299214950,1358214409,1876.0
135,1319203125,1449467014,1871.0
136,1294262324,1408807671,1869.0
137,1397865999,1459860147,1867.0
138,1472280801,1488104675,1862.0
139,1433431026,1498563702,1859.0
140,1191783377,1387543856,1857.0
141,1127620468,1237407412,1857.0
142,1222020224,1446015393,1855.0
143,1286383492,1474752835,1847.0
144,1293960609,1438450410,1844.0
145,1237407412,1407939630,1842.0
146,1204272053,1454859840,1841.0
147,1394418056,1488104675,1835.0
148,1288345840,1372598498,1830.0
149,1168920372,1260703582,1817.0
150,1308555684,1318498635,1815.0
151,1191783377,1281309302,1812.0
152,1376077717,1474752835,1810.0
153,1306474713,1358214409,1809.0
154,1324296045,1498563702,1808.0
155,1346859778,1449467014,1794.0
156,1259272346,1310336110,1787.0
157,1187433883,1446015393,1787.0
158,1310336110,1315706903,1784.0
159,1280744318,1498563702,1780.0
160,1160980171,1335494070,1779.0
161,1225390282,1423064351,1778.0
162,1238179593,1498225294,1777.0
163,1160980171,1368653619,1756.0
164,1238958753,1310336110,1756.0
165,1283305713,1483531187,1756.0
166,1421152883,1499887594,1755.0
167,1276716437,1347686776,1754.0
168,1397978547,1411555593,1753.0
169,1293960609,1456251369,1750.0
170,1196504640,1415035727,1746.0
171,1233666886,1260703582,1741.0
172,1433431026,1499887594,1740.0
173,1298838711,1411555593,1739.0
174,1181438138,1483531187,1738.0
175,1109341850,1120588297,1735.0
176,1411555593,1486505944,1730.0
177,1423064351,1468429258,1729.0
178,1233666886,1275496039,1728.0
179,1207581663,1229839131,1728.0
180,1196976299,1217558273,1727.0
181,1178808159,1294262324,1726.0
182,1247799377,1411555593,1725.0
183,1280744318,1499887594,1724.0
184,1366632532,1453307158,1722.0
185,1120588297,1126233201,1719.0
186,1184074956,1318498635,1718.0
187,1446015393,1455723818,1713.0
188,1217558273,1498471211,1712.0
189,1280744318,1329190414,1707.0
190,1319934286,1324296045,1703.0
191,1233666886,1310336110,1701.0
192,1217558273,1245511919,1700.0
193,1196976299,1474752835,1696.0
194,1207340583,1455723818,1696.0
195,1159768893,1324402461,1688.0
196,1411555593,1498225294,1686.0
197,1247799377,1421152883,1683.0
198,1386099466,1498563702,1681.0
199,1329190414,1499887594,1680.0
200,1225390282,1455723818,1677.0
201,1173942530,1411281632,1677.0
202,1177133774,1324296045,1674.0
203,1225390282,1446015393,1673.0
204,1165190667,1423064351,1672.0
205,1294262324,1365370869,1665.0
206,1160980171,1498225294,1660.0
207,1202942359,1456251369,1657.0
208,1217558273,1286383492,1656.0
209,1376077717,1444727359,1641.0
210,1432858437,1486505944,1639.0
211,1176908416,1308562174,1635.0
212,1282897347,1489521045,1634.0
213,1324402461,1351129033,1634.0
214,1217341726,1347686776,1630.0
215,1238958753,1445178585,1628.0
216,1444727359,1498471211,1627.0
217,1216941950,1432761262,1627.0
218,1291607687,1499887594,1623.0
219,1299409493,1318498635,1620.0
220,1269390275,1422328636,1619.0
221,1456251369,1472934932,1617.0
222,1268722841,1498225294,1617.0
223,1197198490,1499887594,1615.0
224,1148361172,1180234708,1615.0
225,1319203125,1408807671,1613.0
226,1423064351,1446015393,1611.0
227,1397736360,1472280801,1611.0
228,1347686776,1379442891,1604.0
229,1456251369,1462367591,1602.0
230,1286383492,1444727359,1599.0
231,1298694152,1428549791,1591.0
232,1276716437,1379442891,1591.0
233,1177133774,1496157748,1590.0
234,1177133774,1455723818,1589.0
235,1207725802,1451275378,1589.0
236,1275496039,1364647570,1588.0
237,1291607687,1319934286,1587.0
238,1365370869,1400739409,1580.0
239,1283305713,1488104675,1578.0
240,1307588702,1401977752,1577.0
241,1358214409,1428549791,1577.0
242,1126233201,1148361172,1576.0
243,1217341726,1379442891,1574.0
244,1269644877,1318498635,1572.0
245,1238179593,1368653619,1571.0
246,1259272346,1275496039,1569.0
247,1363266574,1418792745,1569.0
248,1096063391,1211078383,1567.0
249,1109341850,1180234708,1565.0
250,1358214409,1452182434,1563.0
251,1411555593,1432858437,1562.0
252,1160980171,1306474713,1555.0
253,1298694152,1358214409,1551.0
254,1196976299,1210696977,1551.0
255,1184074956,1411555593,1550.0
256,1126233201,1180234708,1548.0
257,1120588297,1148361172,1546.0
258,1222020224,1346859778,1543.0
259,1310336110,1439843996,1541.0
260,1155992191,1323435166,1539.0
261,1318498635,1452182434,1538.0
262,1268722841,1411555593,1536.0
263,1207340583,1449467014,1530.0
264,1225390282,1488104675,1527.0
265,1252487268,1491284875,1527.0
266,1210696977,1444727359,1523.0
267,1238958753,1275496039,1521.0
268,1298694152,1318498635,1521.0
269,1217558273,1376077717,1520.0
270,1260703582,1301001697,1517.0
271,1168920372,1259272346,1516.0
272,1178808159,1474879162,1516.0
273,1165190667,1408807671,1515.0
274,1134903637,1207725802,1515.0
275,1178808159,1187433883,1509.0
276,1120588297,1180234708,1508.0
277,1299409493,1428549791,1505.0
278,1109341850,1148361172,1504.0
279,1177133774,1235765787,1504.0
280,1152048413,1415035727,1503.0
281,1408807671,1449467014,1502.0
282,1358214409,1368653619,1500.0
283,1177133774,1344640500,1499.0
284,1260942032,1298838711,1496.0
285,1298694152,1299409493,1494.0
286,1112946347,1474752835,1494.0
287,1319203125,1400739409,1490.0
288,1346859778,1405404126,1489.0
289,1335494070,1432858437,1488.0
290,1222020224,1423064351,1484.0
291,1291607687,1386099466,1484.0
292,1335494070,1358214409,1482.0
293,1398930775,1425088336,1480.0
294,1127620468,1407939630,1480.0
295,1293477045,1434498491,1479.0
296,1199301455,1425088336,1478.0
297,1260703582,1315706903,1474.0
298,1187433883,1222020224,1473.0
299,1418792745,1453068824,1470.0
300,1165190667,1373605649,1469.0
301,1177133774,1446015393,1463.0
302,1199301455,1247799377,1463.0
303,1347686776,1395630712,1459.0
304,1198273471,1292970947,1458.0
305,1238179593,1452182434,1455.0
306,1210696977,1498471211,1454.0
307,1428549791,1452182434,1453.0
308,1420864420,1454859840,1451.0
309,1245511919,1286383492,1451.0
310,1238179593,1428549791,1448.0
311,1318498635,1427225152,1447.0
312,1187433883,1455723818,1435.0
313,1318498635,1498225294,1431.0
314,1356689113,1411555593,1431.0
315,1143430195,1433942658,1430.0
316,1268722841,1427225152,1430.0
317,1397736360,1449467014,1425.0
318,1177133774,1421152883,1424.0
319,1207340583,1446015393,1422.0
320,1423064351,1449467014,1421.0
321,1268722841,1368653619,1421.0
322,1178808159,1280005976,1420.0
323,1187433883,1423064351,1420.0
324,1120588297,1156572824,1419.0
325,1199301455,1318321886,1418.0
326,1207340583,1408807671,1411.0
327,1297050960,1298694152,1411.0
328,1232185057,1295633271,1411.0
329,1299409493,1452182434,1408.0
330,1324296045,1433431026,1406.0
331,1233666886,1301001697,1405.0
332,1318146772,1347686776,1404.0
333,1440284379,1441099496,1403.0
334,1245511919,1498471211,1400.0
335,1100373424,1217558273,1396.0
336,1220263593,1474014038,1395.0
337,1196976299,1245511919,1394.0
338,1196976299,1444727359,1394.0
339,1112946347,1217558273,1393.0
340,1165190667,1344640500,1391.0
341,1356689113,1358214409,1390.0
342,1327487630,1397736360,1389.0
343,1319203125,1346859778,1386.0
344,1238179593,1411555593,1386.0
345,1210696977,1286383492,1384.0
346,1302365424,1346859778,1382.0
347,1298694152,1452182434,1382.0
348,1199301455,1499887594,1382.0
349,1299214950,1299409493,1381.0
350,1196976299,1498471211,1381.0
351,1269644877,1335494070,1381.0
352,1245511919,1376077717,1380.0
353,1297914978,1379442891,1377.0
354,1318498635,1448784685,1375.0
355,1237407412,1453307158,1375.0
356,1315706903,1445178585,1374.0
357,1178808159,1291607687,1373.0
358,1319934286,1421152883,1372.0
359,1281309302,1387543856,1372.0
360,1281946806,1435537844,1372.0
361,1106101850,1379442891,1370.0
362,1156572824,1180234708,1369.0
363,1305500863,1456057692,1369.0
364,1346859778,1423064351,1368.0
365,1233666886,1315706903,1366.0
366,1165327176,1428646409,1366.0
367,1222020224,1225390282,1365.0
368,1445178585,1445560740,1365.0
369,1308562174,1479224336,1364.0
370,1408807671,1468429258,1364.0
371,1298754059,1351970278,1362.0
372,1182659535,1364647570,1362.0
373,1177133774,1408807671,1361.0
374,1376077717,1498471211,1360.0
375,1196035572,1411281632,1359.0
376,1238179593,1297050960,1357.0
377,1318498635,1428549791,1353.0
378,1308555684,1486505944,1353.0
379,1368653619,1474287208,1352.0
380,1168920372,1233666886,1351.0
381,1373605649,1405404126,1350.0
382,1283305713,1365370869,1350.0
383,1148361172,1156572824,1348.0
384,1346859778,1373605649,1348.0
385,1225390282,1302365424,1347.0
386,1425088336,1456553533,1346.0
387,1324296045,1421152883,1345.0
388,1325364142,1333682917,1344.0
389,1217341726,1276716437,1344.0
390,1222020224,1319203125,1343.0
391,1386099466,1499887594,1341.0
392,1204272053,1327391389,1338.0
393,1295633271,1487581276,1337.0
394,1301001697,1310336110,1336.0
395,1283305713,1468429258,1331.0
396,1324296045,1472934932,1328.0
397,1184074956,1335494070,1328.0
398,1150620301,1299409493,1326.0
399,1420473305,1474752835,1325.0
400,1448784685,1486505944,1323.0
401,1077006331,1379442891,1321.0
402,1173787530,1237407412,1321.0
403,1178378693,1368653619,1321.0
404,1182659535,1275496039,1320.0
405,1269644877,1427225152,1319.0
406,1282897347,1338747006,1319.0
407,1301001697,1470051982,1317.0
408,1373605649,1400739409,1312.0
409,1178808159,1421152883,1309.0
410,1423064351,1474879162,1308.0
411,1160980171,1268722841,1307.0
412,1187433883,1225390282,1306.0
413,1456553533,1498225294,1306.0
414,1115793663,1141304156,1306.0
415,1315706903,1439843996,1305.0
416,1318498635,1368653619,1305.0
417,1446015393,1468429258,1303.0
418,1373605649,1415766367,1302.0
419,1459864687,1491284875,1300.0
420,1165190667,1400739409,1298.0
421,1165190667,1225390282,1297.0
422,1386099466,1398930775,1293.0
423,1398930775,1456960878,1292.0
424,1136107199,1297914978,1291.0
425,1199301455,1386099466,1290.0
426,1179877172,1235765787,1290.0
427,1286383492,1376077717,1289.0
428,1187433883,1386099466,1289.0
429,1238958753,1269390275,1289.0
430,1280744318,1327487630,1288.0
431,1348389174,1459864687,1287.0
432,1280005976,1440284379,1287.0
433,1283305713,1319203125,1287.0
434,1286383492,1498471211,1287.0
435,1347059582,1351129033,1287.0
436,1413819770,1444727359,1280.0
437,1297050960,1318498635,1279.0
438,1455723818,1474014038,1278.0
439,1413819770,1474752835,1277.0
440,1165190667,1177133774,1276.0
441,1210696977,1245511919,1273.0
442,1260703582,1364647570,1273.0
443,1298838711,1356689113,1271.0
444,1276763498,1422466982,1269.0
445,1199301455,1319934286,1267.0
446,1165190667,1319203125,1267.0
447,1112946347,1444727359,1266.0
448,1163401725,1434498491,1265.0
449,1137738998,1196010762,1263.0
450,1498563702,1499887594,1263.0
451,1209460739,1398930775,1262.0
452,1341689344,1446015393,1262.0
453,1346859778,1394418056,1260.0
454,1199301455,1421152883,1260.0
455,1217558273,1413819770,1259.0
456,1209201021,1268438293,1258.0
457,1256914329,1415035727,1257.0
458,1327487630,1358214409,1256.0
459,1397736360,1488104675,1255.0
460,1379442891,1395630712,1254.0
461,1283305713,1472280801,1253.0
462,1302365424,1488104675,1251.0
463,1158842751,1300532631,1250.0
464,1233806061,1452153893,1250.0
465,1280532410,1453307158,1247.0
466,1269644877,1397978547,1245.0
467,1177133774,1225390282,1245.0
468,1238179593,1327487630,1245.0
469,1166006430,1351970278,1242.0
470,1400739409,1468429258,1241.0
471,1288345840,1431000861,1240.0
472,1137738998,1425667689,1240.0
473,1238958753,1401977752,1238.0
474,1160980171,1428549791,1238.0
475,1076659626,1196976299,1237.0
476,1230982786,1407272195,1236.0
477,1301001697,1395856480,1236.0
478,1196976299,1376077717,1235.0
479,1176908416,1219541257,1235.0
480,1235765787,1280005976,1235.0
481,1257293238,1387701179,1234.0
482,1394418056,1408293935,1234.0
483,1100373424,1196976299,1232.0
484,1196976299,1286383492,1232.0
485,1175993960,1434498491,1227.0
486,1268438293,1390531078,1223.0
487,1346859778,1474014038,1219.0
488,1341689344,1474879162,1219.0
489,1177133774,1472934932,1215.0
490,1269390275,1445560740,1212.0
491,1162141400,1294695598,1209.0
492,1449467014,1474014038,1208.0
493,1344640500,1408807671,1206.0
494,1160980171,1298694152,1205.0
495,1445560740,1480302189,1203.0
496,1112946347,1210696977,1203.0
497,1418792745,1496157748,1201.0
498,1324296045,1398930775,1200.0
499,1384202874,1415766367,1199.0
500,1299409493,1366090180,1196.0
501,1319934286,1398930775,1196.0
502,1210696977,1376077717,1196.0
503,1217558273,1420473305,1193.0
504,1299409493,1394418056,1192.0
505,1165190667,1468429258,1191.0
506,1379460623,1499887594,1190.0
507,1178808159,1179877172,1190.0
508,1297050960,1452182434,1190.0
509,1421152883,1498563702,1189.0
510,1291607687,1498563702,1189.0
511,1050051043,1228824558,1188.0
512,1318498635,1356689113,1188.0
513,1247799377,1298838711,1187.0
514,1076659626,1217558273,1186.0
515,1281925776,1301001697,1184.0
516,1175993960,1313424674,1184.0
517,1432858437,1448784685,1179.0
518,1136101857,1364647570,1179.0
519,1319934286,1472934932,1178.0
520,1315159256,1445178585,1178.0
521,1160980171,1452182434,1176.0
522,1117703338,1141304156,1175.0
523,1187433883,1449467014,1175.0
524,1324296045,1329190414,1174.0
525,1202942359,1472934932,1172.0
526,1268722841,1308555684,1171.0
527,1407141072,1417875571,1171.0
528,1112946347,1498471211,1170.0
529,1100373424,1474752835,1170.0
530,1168920372,1238958753,1170.0
531,1283305713,1394418056,1166.0
532,1086777526,1128137142,1166.0
533,1347686776,1351129033,1165.0
534,1238179593,1356689113,1164.0
535,1166191460,1367687086,1163.0
536,1421152883,1433431026,1163.0
537,1210696977,1420473305,1162.0
538,1132192146,1498225294,1160.0
539,1297050960,1428549791,1159.0
540,1115506788,1238546217,1158.0
541,1076659626,1474752835,1158.0
542,1318498635,1432858437,1158.0
543,1297050960,1358214409,1157.0
544,1405404126,1474014038,1155.0
545,1165190667,1181438138,1155.0
546,1213048479,1259272346,1154.0
547,1076456091,1083930081,1154.0
548,1187433883,1394418056,1151.0
549,1173787530,1407939630,1151.0
550,1153531795,1264702019,1150.0
551,1324296045,1499887594,1146.0
552,1318146772,1379442891,1144.0
553,1213048479,1301001697,1142.0
554,1132192146,1293960609,1142.0
555,1252487268,1459864687,1141.0
556,1280744318,1398930775,1141.0
557,1207340583,1397736360,1137.0
558,1297050960,1299409493,1136.0
559,1434498491,1463227236,1136.0
560,1166006430,1298754059,1136.0
561,1319203125,1483531187,1134.0
562,1225390282,1346859778,1134.0
563,1176908416,1204272053,1134.0
564,1238958753,1259272346,1132.0
565,1181438138,1455723818,1132.0
566,1136107199,1379442891,1131.0
567,1319203125,1365370869,1129.0
568,1319934286,1329190414,1128.0
569,1017896480,1302244805,1127.0
570,1327391389,1454859840,1126.0
571,1283305713,1449467014,1126.0
572,1178808159,1446015393,1125.0
573,1324308865,1364591785,1124.0
574,1246439917,1360778863,1123.0
575,1181438138,1405404126,1123.0
576,1209460739,1478339076,1122.0
577,1181438138,1344640500,1121.0
578,1112946347,1196976299,1120.0
579,1168920372,1364647570,1119.0
580,1251576410,1398930775,1119.0
581,1263603146,1358214409,1116.0
582,1182431955,1421152883,1114.0
583,1263603146,1398930775,1111.0
584,1319203125,1474014038,1110.0
585,1260703582,1439843996,1108.0
586,1386099466,1456553533,1107.0
587,1268722841,1299409493,1106.0
588,1159768893,1347059582,1105.0
589,1182431955,1324296045,1105.0
590,1179877172,1280005976,1104.0
591,1398930775,1441931904,1104.0
592,1398930775,1478339076,1104.0
593,1292970947,1361831997,1103.0
594,1160980171,1299214950,1102.0
595,1372089352,1496241044,1099.0
596,1260927058,1269644877,1099.0
597,1386099466,1498225294,1097.0
598,1276716437,1351129033,1096.0
599,1213048479,1233666886,1096.0
600,1454859840,1479224336,1095.0
601,1302365424,1394418056,1095.0
602,1132192146,1247799377,1095.0
603,1238179593,1269644877,1093.0
604,1294262324,1474879162,1092.0
605,1365370869,1411431368,1092.0
606,1327487630,1449467014,1091.0
607,1165190667,1474014038,1090.0
608,1269390275,1358646245,1089.0
609,1266472291,1347686776,1088.0
610,1177133774,1283305713,1088.0
611,1050875121,1101679737,1088.0
612,1306474713,1432858437,1087.0
613,1238179593,1306474713,1086.0
614,1279583117,1325364142,1085.0
615,1100373424,1210696977,1085.0
616,1204272053,1426188428,1083.0
617,1112946347,1245511919,1083.0
618,1187433883,1498563702,1082.0
619,1061284596,1067980827,1082.0
620,1247799377,1299409493,1082.0
621,1259272346,1315706903,1081.0
622,1232248315,1285898695,1080.0
623,1260528478,1483531187,1079.0
624,1358214409,1432858437,1078.0
625,1297914978,1347686776,1077.0
626,1275496039,1307588702,1075.0
627,1238179593,1263603146,1075.0
628,1315706903,1445560740,1074.0
629,1225390282,1449467014,1074.0
630,1400739409,1483531187,1073.0
631,1177133774,1474879162,1072.0
632,1238958753,1297234080,1071.0
633,1165190667,1405404126,1071.0
634,1187433883,1408807671,1071.0
635,1199301455,1263603146,1071.0
636,1386099466,1474879162,1070.0
637,1244405532,1284168593,1069.0
638,1177133774,1291607687,1069.0
639,1180585859,1340239742,1069.0
640,1182431955,1441099496,1069.0
641,1424736458,1444103001,1068.0
642,1281925776,1470051982,1068.0
643,1149082499,1200315662,1067.0
644,1131477230,1217558273,1066.0
645,1259272346,1260703582,1066.0
646,1065863885,1225545520,1066.0
647,1426188428,1454859840,1066.0
648,1295633271,1297162990,1065.0
649,1308555684,1498225294,1065.0
650,1178378693,1358214409,1065.0
651,1294262324,1499887594,1063.0
652,1295156601,1302244805,1062.0
653,1182918476,1421152883,1061.0
654,1155374635,1202942359,1061.0
655,1283305713,1423064351,1060.0
656,1310336110,1445560740,1058.0
657,1178808159,1280744318,1058.0
658,1233666886,1238958753,1057.0
659,1405404126,1455723818,1056.0
660,1233806061,1269390275,1056.0
661,1268722841,1327487630,1055.0
662,1293960609,1472934932,1054.0
663,1286383492,1413819770,1054.0
664,1184145483,1324296045,1052.0
665,1438450410,1472934932,1052.0
666,1266988441,1460341793,1052.0
667,1182431955,1498563702,1052.0
668,1017896480,1295156601,1050.0
669,1112946347,1286383492,1049.0
670,1280005976,1421152883,1049.0
671,1237407412,1258049191,1048.0
672,1190105159,1217341726,1048.0
673,1247799377,1329190414,1048.0
674,1225545520,1332744926,1047.0
675,1329190414,1433431026,1047.0
676,1280744318,1324296045,1047.0
677,1072043059,1112869821,1045.0
678,1303911676,1452153893,1045.0
679,1294695598,1414461620,1045.0
680,1077006331,1276716437,1045.0
681,1344640500,1455723818,1044.0
682,1076659626,1210696977,1044.0
683,1178378693,1268722841,1044.0
684,1217341726,1318146772,1043.0
685,1154587065,1330105875,1042.0
686,1365370869,1449467014,1042.0
687,1363266574,1398930775,1042.0
688,1166191460,1329190414,1041.0
689,1346859778,1446015393,1041.0
690,1269390275,1452153893,1040.0
691,1275496039,1445178585,1040.0
692,1268438293,1324845030,1039.0
693,1294262324,1386099466,1037.0
694,1327487630,1427225152,1037.0
695,1128016156,1433942658,1036.0
696,1299409493,1356689113,1036.0
697,1247799377,1409902227,1035.0
698,1358646245,1445560740,1034.0
699,1184074956,1427225152,1034.0
700,1184074956,1358214409,1034.0
701,1327487630,1441931904,1033.0
702,1247799377,1468429258,1031.0
703,1243891100,1252487268,1031.0
704,1291607687,1409902227,1030.0
705,1155374635,1438450410,1029.0
706,1165190667,1415766367,1029.0
707,1275496039,1445560740,1028.0
708,1178378693,1238179593,1027.0
709,1162141400,1414461620,1027.0
710,1319203125,1455723818,1027.0
711,1182431955,1329190414,1025.0
712,1209460739,1251576410,1025.0
713,1209201021,1390531078,1025.0
714,1319934286,1499887594,1024.0
715,1368653619,1427225152,1022.0
716,1156070272,1415035727,1022.0
717,1310336110,1445178585,1021.0
718,1235765787,1280744318,1020.0
719,1238958753,1260703582,1020.0
720,1131477230,1474752835,1019.0
721,1238958753,1433942658,1019.0
722,1294695598,1330105875,1017.0
723,1398930775,1455723818,1016.0
724,1347686776,1460720133,1016.0
725,1409902227,1421152883,1015.0
726,1198273471,1207257098,1015.0
727,1131477230,1196976299,1015.0
728,1239920372,1268438293,1014.0
729,1335494070,1397978547,1014.0
730,1317617591,1347686776,1013.0
731,1177133774,1474014038,1012.0
732,1115803763,1261738816,1012.0
733,1445145501,1471668294,1012.0
734,1327487630,1368653619,1012.0
735,1235765787,1446015393,1011.0
736,1294262324,1329190414,1011.0
737,1308562174,1454859840,1011.0
738,1275496039,1301001697,1010.0
739,1166191460,1298838711,1010.0
740,1182431955,1294262324,1010.0
741,1187433883,1499887594,1009.0
742,1209201021,1324845030,1009.0
743,1191783377,1420864420,1008.0
744,1149082499,1294099146,1006.0
745,1165190667,1341689344,1006.0
746,1298838711,1327487630,1006.0
747,1480302189,1484115630,1004.0
748,1263603146,1268722841,1003.0
749,1219541257,1454859840,1003.0
750,1184074956,1397978547,1002.0
751,1160980171,1297050960,1002.0
752,1340805210,1491284875,1001.0
753,1210696977,1413819770,1000.0
754,1106101850,1347686776,1000.0
755,1335494070,1448784685,1000.0
756,1066676838,1297234080,1000.0
757,1445560740,1484115630,1000.0
758,1247799377,1319934286,996.0
759,1181438138,1407141072,995.0
760,1310336110,1364647570,995.0
761,1407141072,1483531187,995.0
762,1395856480,1470051982,994.0
763,1413819770,1498471211,993.0
764,1235765787,1468429258,991.0
765,1365370869,1446015393,989.0
766,1132192146,1178808159,989.0
767,1272257092,1283305713,988.0
768,1280005976,1280744318,987.0
769,1379460623,1398930775,987.0
770,1196976299,1420473305,986.0
771,1338747006,1489521045,986.0
772,1153512408,1335494070,985.0
773,1420473305,1498471211,985.0
774,1178808159,1329190414,984.0
775,1238958753,1315706903,984.0
776,1238179593,1335494070,983.0
777,1047165165,1217558273,983.0
778,1184145483,1319934286,979.0
779,1299409493,1498225294,979.0
780,1233666886,1259272346,979.0
781,1017264508,1121829691,978.0
782,1294695598,1450961475,977.0
783,1367687086,1498563702,976.0
784,1318146772,1395630712,976.0
785,1154587065,1294695598,975.0
786,1259272346,1301001697,975.0
787,1269644877,1358214409,974.0
788,1420473305,1444727359,973.0
789,1217341726,1319486488,972.0
790,1179314511,1291607687,971.0
791,1409239965,1411281632,970.0
792,1291607687,1324296045,970.0
793,1376077717,1413819770,970.0
794,1077006331,1347686776,969.0
795,1178378693,1427225152,969.0
796,1218972417,1282897347,969.0
797,1044810592,1311068127,968.0
798,1245511919,1413819770,967.0
799,1408807671,1483531187,966.0
800,1127620468,1173787530,966.0
801,1423064351,1474014038,966.0
802,1224970535,1407141072,966.0
803,1421152883,1468429258,966.0
804,1187433883,1468429258,964.0
805,1141304156,1148945039,963.0
806,1219541257,1258239878,962.0
807,1152048413,1196504640,962.0
808,1323086677,1431665056,961.0
809,1222020224,1474014038,961.0
810,1179877172,1182918476,961.0
811,1327487630,1456960878,961.0
812,1160980171,1308555684,961.0
813,1163401725,1407272195,959.0
814,1179877172,1421152883,959.0
815,1247799377,1291607687,958.0
816,1307588702,1310336110,958.0
817,1233806061,1238958753,958.0
818,1191783377,1461707670,958.0
819,1298694152,1299214950,956.0
820,1468429258,1474879162,956.0
821,1132192146,1187433883,956.0
822,1351129033,1379442891,956.0
823,1251576410,1478339076,956.0
824,1072043059,1090394631,956.0
825,1187433883,1397736360,955.0
826,1232185057,1487581276,955.0
827,1101679737,1142800181,955.0
828,1168920372,1445178585,954.0
829,1055577594,1202347372,954.0
830,1329190414,1498563702,954.0
831,1251944894,1489333710,952.0
832,1271920475,1405354113,951.0
833,1039454809,1163401725,951.0
834,1455723818,1474879162,950.0
835,1051101171,1092247985,950.0
836,1299214950,1318498635,949.0
837,1196010762,1425667689,949.0
838,1310336110,1480302189,949.0
839,1182918476,1235765787,948.0
840,1398930775,1472934932,948.0
841,1187433883,1317547524,947.0
842,1155374635,1456251369,946.0
843,1344640500,1365370869,946.0
844,1329190414,1456553533,945.0
845,1235765787,1294262324,944.0
846,1238958753,1407272195,943.0
847,1160980171,1474287208,943.0
848,1280744318,1433431026,943.0
849,1235765787,1496157748,941.0
850,1365370869,1483531187,941.0
851,1276716437,1395630712,940.0
852,1178808159,1341689344,938.0
853,1176908416,1348389174,938.0
854,1074429398,1090048548,937.0
855,1292694465,1445560740,937.0
856,1225390282,1397736360,937.0
857,1100373424,1498471211,937.0
858,1160980171,1263603146,935.0
859,1090585095,1346138590,935.0
860,1446015393,1496157748,935.0
861,1175993960,1290203527,935.0
862,1408807671,1474014038,934.0
863,1039454809,1057032232,933.0
864,1184145483,1386099466,932.0
865,1425088336,1491284875,932.0
866,1318321886,1472934932,931.0
867,1344640500,1400739409,931.0
868,1226057462,1492259571,931.0
869,1341689344,1408807671,931.0
870,1112946347,1376077717,931.0
871,1225545520,1433337849,931.0
872,1067980827,1074545337,931.0
873,1421152883,1435458458,930.0
874,1178808159,1247799377,930.0
875,1106101850,1297914978,930.0
876,1067330457,1310336110,929.0
877,1411555593,1448784685,928.0
878,1269644877,1306474713,928.0
879,1237407412,1298754059,927.0
880,1318146772,1351129033,927.0
881,1134903637,1451275378,927.0
882,1222020224,1365370869,926.0
883,1344640500,1483531187,926.0
884,1445560740,1456057692,926.0
885,1175993960,1463227236,925.0
886,1299409493,1425088336,925.0
887,1199301455,1329190414,925.0
888,1456251369,1468984065,924.0
889,1308555684,1432858437,923.0
890,1126742117,1434498491,923.0
891,1175993960,1293477045,922.0
892,1299214950,1394418056,921.0
893,1415035727,1494256103,919.0
894,1382002831,1397978547,919.0
895,1310336110,1433942658,919.0
896,1196976299,1413819770,918.0
897,1167704849,1299214950,918.0
898,1166191460,1184145483,918.0
899,1344640500,1446015393,917.0
900,1199301455,1379460623,917.0
901,1162141400,1450961475,916.0
902,1263603146,1386099466,916.0
903,1184074956,1238179593,915.0
904,1283305713,1474014038,915.0
905,1222020224,1408807671,914.0
906,1373605649,1455723818,913.0
907,1299214950,1408293935,912.0
908,1182659535,1315706903,912.0
909,1051101171,1074429398,911.0
910,1233666886,1439843996,911.0
911,1317617591,1379442891,911.0
912,1165190667,1394418056,909.0
913,1356689113,1368653619,909.0
914,1281309302,1461707670,907.0
915,1067330457,1238958753,907.0
916,1128016156,1293477045,907.0
917,1166391374,1309294692,906.0
918,1204272053,1308562174,906.0
919,1307588702,1433942658,904.0
920,1083930081,1083971659,903.0
921,1324296045,1361084049,903.0
922,1238958753,1301001697,903.0
923,1357889371,1407329584,902.0
924,1218972417,1338747006,902.0
925,1047165165,1444727359,902.0
926,1263603146,1318498635,901.0
927,1319203125,1373605649,901.0
928,1259587077,1325364142,901.0
929,1174248382,1268722841,900.0
930,1100373424,1131554552,899.0
931,1445560740,1452153893,899.0
932,1377462464,1452153893,898.0
933,1182431955,1433431026,898.0
934,1259272346,1439843996,898.0
935,1182431955,1280744318,897.0
936,1238179593,1361084049,897.0
937,1047165165,1474752835,897.0
938,1163401725,1238958753,896.0
939,1178808159,1182918476,894.0
940,1218972417,1489521045,893.0
941,1160980171,1327487630,892.0
942,1280744318,1294262324,892.0
943,1327487630,1474014038,892.0
944,1179877172,1280744318,892.0
945,1293960609,1462367591,891.0
946,1100373424,1131477230,891.0
947,1213048479,1275496039,890.0
948,1299214950,1411555593,889.0
949,1414461620,1450961475,889.0
950,1318498635,1397978547,889.0
951,1076659626,1498471211,888.0
952,1341689344,1425088336,888.0
953,1207340583,1373605649,888.0
954,1162141400,1330105875,888.0
955,1181438138,1446015393,888.0
956,1187433883,1409902227,887.0
957,1450111203,1453721104,887.0
958,1335494070,1498225294,885.0
959,1208638500,1356689113,885.0
960,1286383492,1420473305,884.0
961,1367687086,1433431026,884.0
962,1258239878,1429638108,883.0
963,1361084049,1498225294,883.0
964,1279583117,1333682917,883.0
965,1235765787,1329190414,883.0
966,1283305713,1373605649,883.0
967,1075721831,1163401725,882.0
968,1318755108,1441099496,881.0
969,1134903637,1180837806,881.0
970,1283305713,1455723818,881.0
971,1237461015,1405354113,881.0
972,1234034589,1488104675,881.0
973,1397736360,1455723818,880.0
974,1283305713,1397736360,880.0
975,1399259499,1493305234,880.0
976,1263603146,1335494070,879.0
977,1218377341,1283305713,879.0
978,1182431955,1499887594,878.0
979,1182431955,1280005976,877.0
980,1280744318,1441931904,876.0
981,1047165165,1286383492,876.0
982,1166191460,1260942032,875.0
983,1298838711,1498225294,874.0
984,1150620301,1408293935,873.0
985,1280532410,1366632532,873.0
986,1174248382,1427225152,872.0
987,1155374635,1293960609,872.0
988,1177133774,1222020224,871.0
989,1276716437,1317617591,870.0
990,1299409493,1306474713,869.0
991,1330105875,1450961475,869.0
992,1177133774,1435458458,869.0
993,1285898695,1291361021,869.0
994,1166191460,1324296045,868.0
995,1112946347,1420473305,868.0
996,1167704849,1394418056,867.0
997,1269390275,1303911676,867.0
998,1344640500,1407141072,867.0
999,1232248315,1291361021,865.0
1000,1328004260,1490033106,865.0
